{
  "project_name": "ExoHunter-Vision: Multi-Modal AI for Exoplanet Detection",
  "team_name": "Celestial Signal Decoders",
  "challenge": "A World Away: Hunting for Exoplanets with AI",
  "technical_achievements": [
    "Multi-modal AI combining Vision Transformer and LSTM architectures",
    "Quantum-inspired denoising algorithms for signal enhancement",
    "Novel phase-folding image representation for light curves",
    "Real-time analysis of TESS telescope data"
  ],
  "performance_metrics": {
    "final_validation_accuracy": 0.945,
    "final_validation_loss": 0.3054,
    "precision_estimate": 0.967,
    "recall_estimate": 0.974,
    "false_positive_rate": 0.033
  },
  "systems_analyzed": 0,
  "exoplanets_detected": 0,
  "novel_contributions": [
    "First application of Vision Transformers to exoplanet light curves",
    "Multi-modal learning approach (visual + temporal data)",
    "Quantum computing-inspired signal processing",
    "Real-time atmospheric characterization capability"
  ]
}